City_ID,City,Country,Date,Lat,Lng,Max Temp,Humidity,Cloudiness,Wind Speed
0,Hambantota,LK,2022-02-01 23:47:52,6.1241,81.1185,71.55,83,9,11.01
1,Schattdorf,LK,2022-02-02 02:35:56,6.1241,81.1185,73.74,94,20,5.75
2,Busselton,LK,2022-02-02 02:35:56,6.1241,81.1185,73.74,94,20,5.75
3,Saskylakh,LK,2022-02-02 02:35:56,6.1241,81.1185,73.74,94,20,5.75
4,Kapaa,LK,2022-02-02 02:35:56,6.1241,81.1185,73.74,94,20,5.75
5,Maceio,LK,2022-02-02 02:35:56,6.1241,81.1185,73.74,94,20,5.75
6,Hithadhoo,LK,2022-02-02 02:35:56,6.1241,81.1185,73.74,94,20,5.75
7,Lebu,LK,2022-02-02 02:35:56,6.1241,81.1185,73.74,94,20,5.75
8,Brejo,LK,2022-02-02 02:35:56,6.1241,81.1185,73.74,94,20,5.75
9,Krasnoselkup,LK,2022-02-02 02:35:56,6.1241,81.1185,73.74,94,20,5.75
10,Mayo,LK,2022-02-02 02:35:56,6.1241,81.1185,73.74,94,20,5.75
11,Sur,LK,2022-02-02 02:35:56,6.1241,81.1185,73.74,94,20,5.75
12,Kaitangata,LK,2022-02-02 02:35:56,6.1241,81.1185,73.74,94,20,5.75
13,Port Elizabeth,LK,2022-02-02 02:35:56,6.1241,81.1185,73.74,94,20,5.75
14,Butaritari,LK,2022-02-02 02:35:56,6.1241,81.1185,73.74,94,20,5.75
15,New Norfolk,LK,2022-02-02 02:35:56,6.1241,81.1185,73.74,94,20,5.75
16,Vaini,LK,2022-02-02 02:35:56,6.1241,81.1185,73.74,94,20,5.75
17,Omsukchan,LK,2022-02-02 02:35:56,6.1241,81.1185,73.74,94,20,5.75
18,Quesnel,LK,2022-02-02 02:35:56,6.1241,81.1185,73.74,94,20,5.75
19,Jamestown,LK,2022-02-02 02:35:56,6.1241,81.1185,73.74,94,20,5.75
20,Gavle,LK,2022-02-02 02:35:56,6.1241,81.1185,73.74,94,20,5.75
21,Lolua,LK,2022-02-02 02:35:56,6.1241,81.1185,73.74,94,20,5.75
22,Mahebourg,LK,2022-02-02 02:35:56,6.1241,81.1185,73.74,94,20,5.75
23,Ushuaia,LK,2022-02-02 02:35:56,6.1241,81.1185,73.74,94,20,5.75
24,San Patricio,LK,2022-02-02 02:35:56,6.1241,81.1185,73.74,94,20,5.75
25,Aklavik,LK,2022-02-02 02:35:56,6.1241,81.1185,73.74,94,20,5.75
26,Rikitea,LK,2022-02-02 02:35:56,6.1241,81.1185,73.74,94,20,5.75
27,Hofn,LK,2022-02-02 02:35:56,6.1241,81.1185,73.74,94,20,5.75
28,Ketchikan,LK,2022-02-02 02:35:56,6.1241,81.1185,73.74,94,20,5.75
29,Tumannyy,LK,2022-02-02 02:35:56,6.1241,81.1185,73.74,94,20,5.75
30,Salalah,LK,2022-02-02 02:35:56,6.1241,81.1185,73.74,94,20,5.75
31,Kigorobya,LK,2022-02-02 02:35:56,6.1241,81.1185,73.74,94,20,5.75
32,Victoria,LK,2022-02-02 02:35:56,6.1241,81.1185,73.74,94,20,5.75
33,Yellowknife,LK,2022-02-02 02:35:56,6.1241,81.1185,73.74,94,20,5.75
34,Ponta Do Sol,LK,2022-02-02 02:35:56,6.1241,81.1185,73.74,94,20,5.75
35,Dunedin,LK,2022-02-02 02:35:56,6.1241,81.1185,73.74,94,20,5.75
36,Illoqqortoormiut,LK,2022-02-02 02:35:56,6.1241,81.1185,73.74,94,20,5.75
37,Ilo,LK,2022-02-02 02:35:56,6.1241,81.1185,73.74,94,20,5.75
38,Mataura,LK,2022-02-02 02:35:56,6.1241,81.1185,73.74,94,20,5.75
39,Hilo,LK,2022-02-02 02:35:56,6.1241,81.1185,73.74,94,20,5.75
40,Avarua,LK,2022-02-02 02:35:56,6.1241,81.1185,73.74,94,20,5.75
41,Bara,LK,2022-02-02 02:35:56,6.1241,81.1185,73.74,94,20,5.75
42,Sao Joao Da Barra,LK,2022-02-02 02:35:56,6.1241,81.1185,73.74,94,20,5.75
43,Sabha,LK,2022-02-02 02:35:56,6.1241,81.1185,73.74,94,20,5.75
44,Kodiak,LK,2022-02-02 02:35:56,6.1241,81.1185,73.74,94,20,5.75
45,Namibe,LK,2022-02-02 02:35:56,6.1241,81.1185,73.74,94,20,5.75
46,Cantapoy,LK,2022-02-02 02:35:56,6.1241,81.1185,73.74,94,20,5.75
47,Bluff,LK,2022-02-02 02:35:56,6.1241,81.1185,73.74,94,20,5.75
48,Coihaique,LK,2022-02-02 02:35:56,6.1241,81.1185,73.74,94,20,5.75
49,Taolanaro,LK,2022-02-02 02:35:56,6.1241,81.1185,73.74,94,20,5.75
50,Tsihombe,LK,2022-02-02 02:35:56,6.1241,81.1185,73.74,94,20,5.75
51,Clyde River,LK,2022-02-02 02:35:56,6.1241,81.1185,73.74,94,20,5.75
52,Zeya,LK,2022-02-02 02:35:56,6.1241,81.1185,73.74,94,20,5.75
53,Wanaka,LK,2022-02-02 02:35:56,6.1241,81.1185,73.74,94,20,5.75
54,Hermanus,LK,2022-02-02 02:35:56,6.1241,81.1185,73.74,94,20,5.75
55,Utiroa,LK,2022-02-02 02:35:56,6.1241,81.1185,73.74,94,20,5.75
56,Malajog,LK,2022-02-02 02:35:56,6.1241,81.1185,73.74,94,20,5.75
57,Vardo,LK,2022-02-02 02:35:56,6.1241,81.1185,73.74,94,20,5.75
58,Bambous Virieux,LK,2022-02-02 02:35:56,6.1241,81.1185,73.74,94,20,5.75
59,Hobart,LK,2022-02-02 02:35:56,6.1241,81.1185,73.74,94,20,5.75
60,Samusu,LK,2022-02-02 02:35:56,6.1241,81.1185,73.74,94,20,5.75
61,Paamiut,LK,2022-02-02 02:35:56,6.1241,81.1185,73.74,94,20,5.75
62,Bom Jesus,LK,2022-02-02 02:35:56,6.1241,81.1185,73.74,94,20,5.75
63,Grootfontein,LK,2022-02-02 02:35:56,6.1241,81.1185,73.74,94,20,5.75
64,Ngunguru,LK,2022-02-02 02:35:56,6.1241,81.1185,73.74,94,20,5.75
65,Presidencia Roque Saenz Pena,LK,2022-02-02 02:35:56,6.1241,81.1185,73.74,94,20,5.75
66,Qaanaaq,LK,2022-02-02 02:35:56,6.1241,81.1185,73.74,94,20,5.75
67,Puerto Ayora,LK,2022-02-02 02:35:56,6.1241,81.1185,73.74,94,20,5.75
68,Airai,LK,2022-02-02 02:35:56,6.1241,81.1185,73.74,94,20,5.75
69,Karpogory,LK,2022-02-02 02:35:56,6.1241,81.1185,73.74,94,20,5.75
70,Ambon,LK,2022-02-02 02:35:56,6.1241,81.1185,73.74,94,20,5.75
71,Pevek,LK,2022-02-02 02:35:56,6.1241,81.1185,73.74,94,20,5.75
72,Mitu,LK,2022-02-02 02:35:56,6.1241,81.1185,73.74,94,20,5.75
73,Atuona,LK,2022-02-02 02:35:56,6.1241,81.1185,73.74,94,20,5.75
74,Punta Arenas,LK,2022-02-02 02:35:56,6.1241,81.1185,73.74,94,20,5.75
75,Cidreira,LK,2022-02-02 02:35:56,6.1241,81.1185,73.74,94,20,5.75
76,Tarudant,LK,2022-02-02 02:35:56,6.1241,81.1185,73.74,94,20,5.75
77,Nikolskoye,LK,2022-02-02 02:35:56,6.1241,81.1185,73.74,94,20,5.75
78,Bisira,LK,2022-02-02 02:35:56,6.1241,81.1185,73.74,94,20,5.75
79,Souillac,LK,2022-02-02 02:35:56,6.1241,81.1185,73.74,94,20,5.75
80,Rosetown,LK,2022-02-02 02:35:56,6.1241,81.1185,73.74,94,20,5.75
81,Tungor,LK,2022-02-02 02:35:56,6.1241,81.1185,73.74,94,20,5.75
82,Severo-Kurilsk,LK,2022-02-02 02:35:56,6.1241,81.1185,73.74,94,20,5.75
83,Ribeira Grande,LK,2022-02-02 02:35:56,6.1241,81.1185,73.74,94,20,5.75
84,Okhotsk,LK,2022-02-02 02:35:56,6.1241,81.1185,73.74,94,20,5.75
85,Westerville,LK,2022-02-02 02:35:56,6.1241,81.1185,73.74,94,20,5.75
86,Kaeo,LK,2022-02-02 02:35:56,6.1241,81.1185,73.74,94,20,5.75
87,Borlange,LK,2022-02-02 02:35:56,6.1241,81.1185,73.74,94,20,5.75
88,Amderma,LK,2022-02-02 02:35:56,6.1241,81.1185,73.74,94,20,5.75
89,Belushya Guba,LK,2022-02-02 02:35:56,6.1241,81.1185,73.74,94,20,5.75
90,Pisco,LK,2022-02-02 02:35:56,6.1241,81.1185,73.74,94,20,5.75
91,Valdosta,LK,2022-02-02 02:35:56,6.1241,81.1185,73.74,94,20,5.75
92,Chuy,LK,2022-02-02 02:35:56,6.1241,81.1185,73.74,94,20,5.75
93,Dali,LK,2022-02-02 02:35:56,6.1241,81.1185,73.74,94,20,5.75
94,Kavaratti,LK,2022-02-02 02:35:56,6.1241,81.1185,73.74,94,20,5.75
95,Nadym,LK,2022-02-02 02:35:56,6.1241,81.1185,73.74,94,20,5.75
96,Longyearbyen,LK,2022-02-02 02:35:56,6.1241,81.1185,73.74,94,20,5.75
97,Shahreza,LK,2022-02-02 02:35:56,6.1241,81.1185,73.74,94,20,5.75
98,Bilibino,LK,2022-02-02 02:35:56,6.1241,81.1185,73.74,94,20,5.75
99,Tagusao,LK,2022-02-02 02:35:56,6.1241,81.1185,73.74,94,20,5.75
100,Thompson,LK,2022-02-02 02:35:56,6.1241,81.1185,73.74,94,20,5.75
101,Flinders,LK,2022-02-02 02:35:56,6.1241,81.1185,73.74,94,20,5.75
102,Dingle,LK,2022-02-02 02:35:56,6.1241,81.1185,73.74,94,20,5.75
103,Carnarvon,LK,2022-02-02 02:35:56,6.1241,81.1185,73.74,94,20,5.75
104,Saleaula,LK,2022-02-02 02:35:56,6.1241,81.1185,73.74,94,20,5.75
105,Progreso,LK,2022-02-02 02:35:56,6.1241,81.1185,73.74,94,20,5.75
106,East London,LK,2022-02-02 02:35:56,6.1241,81.1185,73.74,94,20,5.75
107,Constitucion,LK,2022-02-02 02:35:56,6.1241,81.1185,73.74,94,20,5.75
108,Bonfim,LK,2022-02-02 02:35:56,6.1241,81.1185,73.74,94,20,5.75
109,Ancud,LK,2022-02-02 02:35:56,6.1241,81.1185,73.74,94,20,5.75
110,Vaitape,LK,2022-02-02 02:35:56,6.1241,81.1185,73.74,94,20,5.75
111,Barentsburg,LK,2022-02-02 02:35:56,6.1241,81.1185,73.74,94,20,5.75
112,Kainantu,LK,2022-02-02 02:35:56,6.1241,81.1185,73.74,94,20,5.75
113,Acapulco,LK,2022-02-02 02:35:56,6.1241,81.1185,73.74,94,20,5.75
114,Bonthe,LK,2022-02-02 02:35:56,6.1241,81.1185,73.74,94,20,5.75
115,Fonte Boa,LK,2022-02-02 02:35:56,6.1241,81.1185,73.74,94,20,5.75
116,Kahului,LK,2022-02-02 02:35:56,6.1241,81.1185,73.74,94,20,5.75
117,Barrow,LK,2022-02-02 02:35:56,6.1241,81.1185,73.74,94,20,5.75
118,Chapais,LK,2022-02-02 02:35:56,6.1241,81.1185,73.74,94,20,5.75
119,Namatanai,LK,2022-02-02 02:35:56,6.1241,81.1185,73.74,94,20,5.75
120,Ryabovo,LK,2022-02-02 02:35:56,6.1241,81.1185,73.74,94,20,5.75
121,Khatanga,LK,2022-02-02 02:35:56,6.1241,81.1185,73.74,94,20,5.75
122,Talnakh,LK,2022-02-02 02:35:56,6.1241,81.1185,73.74,94,20,5.75
123,Walvis Bay,LK,2022-02-02 02:35:56,6.1241,81.1185,73.74,94,20,5.75
124,Oda,LK,2022-02-02 02:35:56,6.1241,81.1185,73.74,94,20,5.75
125,High Level,LK,2022-02-02 02:35:56,6.1241,81.1185,73.74,94,20,5.75
126,Mar Del Plata,LK,2022-02-02 02:35:56,6.1241,81.1185,73.74,94,20,5.75
127,Georgetown,LK,2022-02-02 02:35:56,6.1241,81.1185,73.74,94,20,5.75
128,Luderitz,LK,2022-02-02 02:35:56,6.1241,81.1185,73.74,94,20,5.75
129,Faanui,LK,2022-02-02 02:35:56,6.1241,81.1185,73.74,94,20,5.75
130,Albany,LK,2022-02-02 02:35:56,6.1241,81.1185,73.74,94,20,5.75
131,Cherskiy,LK,2022-02-02 02:35:56,6.1241,81.1185,73.74,94,20,5.75
132,Isangel,LK,2022-02-02 02:35:56,6.1241,81.1185,73.74,94,20,5.75
133,Skalistyy,LK,2022-02-02 02:35:56,6.1241,81.1185,73.74,94,20,5.75
134,Port Hawkesbury,LK,2022-02-02 02:35:56,6.1241,81.1185,73.74,94,20,5.75
135,Sola,LK,2022-02-02 02:35:56,6.1241,81.1185,73.74,94,20,5.75
136,Beringovskiy,LK,2022-02-02 02:35:56,6.1241,81.1185,73.74,94,20,5.75
137,Magaria,LK,2022-02-02 02:35:56,6.1241,81.1185,73.74,94,20,5.75
138,Jalu,LK,2022-02-02 02:35:56,6.1241,81.1185,73.74,94,20,5.75
139,Makakilo City,LK,2022-02-02 02:35:56,6.1241,81.1185,73.74,94,20,5.75
140,Caravelas,LK,2022-02-02 02:35:56,6.1241,81.1185,73.74,94,20,5.75
141,Kabalo,LK,2022-02-02 02:35:56,6.1241,81.1185,73.74,94,20,5.75
142,Honningsvag,LK,2022-02-02 02:35:56,6.1241,81.1185,73.74,94,20,5.75
143,Nantucket,LK,2022-02-02 02:35:56,6.1241,81.1185,73.74,94,20,5.75
144,Chaman,LK,2022-02-02 02:35:56,6.1241,81.1185,73.74,94,20,5.75
145,Upernavik,LK,2022-02-02 02:35:56,6.1241,81.1185,73.74,94,20,5.75
146,Bredasdorp,LK,2022-02-02 02:35:56,6.1241,81.1185,73.74,94,20,5.75
147,Sioux Lookout,LK,2022-02-02 02:35:56,6.1241,81.1185,73.74,94,20,5.75
148,Coffs Harbour,LK,2022-02-02 02:35:56,6.1241,81.1185,73.74,94,20,5.75
149,Saint Anthony,LK,2022-02-02 02:35:56,6.1241,81.1185,73.74,94,20,5.75
150,Marzuq,LK,2022-02-02 02:35:56,6.1241,81.1185,73.74,94,20,5.75
151,Bolungarvik,LK,2022-02-02 02:35:56,6.1241,81.1185,73.74,94,20,5.75
152,Poco Das Trincheiras,LK,2022-02-02 02:35:56,6.1241,81.1185,73.74,94,20,5.75
153,Bocas Del Toro,LK,2022-02-02 02:35:56,6.1241,81.1185,73.74,94,20,5.75
154,Vostok,LK,2022-02-02 02:35:56,6.1241,81.1185,73.74,94,20,5.75
155,Castro,LK,2022-02-02 02:35:56,6.1241,81.1185,73.74,94,20,5.75
156,Lagos,LK,2022-02-02 02:35:56,6.1241,81.1185,73.74,94,20,5.75
157,Nuristan,LK,2022-02-02 02:35:56,6.1241,81.1185,73.74,94,20,5.75
158,Gondanglegi,LK,2022-02-02 02:35:56,6.1241,81.1185,73.74,94,20,5.75
159,Tasiilaq,LK,2022-02-02 02:35:56,6.1241,81.1185,73.74,94,20,5.75
160,Hasaki,LK,2022-02-02 02:35:56,6.1241,81.1185,73.74,94,20,5.75
161,Mount Gambier,LK,2022-02-02 02:35:56,6.1241,81.1185,73.74,94,20,5.75
162,Nampula,LK,2022-02-02 02:35:56,6.1241,81.1185,73.74,94,20,5.75
163,Sitka,LK,2022-02-02 02:35:56,6.1241,81.1185,73.74,94,20,5.75
164,Klaksvik,LK,2022-02-02 02:35:56,6.1241,81.1185,73.74,94,20,5.75
165,Arraial Do Cabo,LK,2022-02-02 02:35:56,6.1241,81.1185,73.74,94,20,5.75
166,Vaitupu,LK,2022-02-02 02:35:56,6.1241,81.1185,73.74,94,20,5.75
167,Sao Filipe,LK,2022-02-02 02:35:56,6.1241,81.1185,73.74,94,20,5.75
168,Tiassale,LK,2022-02-02 02:35:56,6.1241,81.1185,73.74,94,20,5.75
169,Umzimvubu,LK,2022-02-02 02:35:56,6.1241,81.1185,73.74,94,20,5.75
170,Contai,LK,2022-02-02 02:35:56,6.1241,81.1185,73.74,94,20,5.75
171,Xiamen,LK,2022-02-02 02:35:56,6.1241,81.1185,73.74,94,20,5.75
172,Bam,LK,2022-02-02 02:35:56,6.1241,81.1185,73.74,94,20,5.75
173,Pangoa,LK,2022-02-02 02:35:56,6.1241,81.1185,73.74,94,20,5.75
174,Avera,LK,2022-02-02 02:35:56,6.1241,81.1185,73.74,94,20,5.75
175,Snezhnogorsk,LK,2022-02-02 02:35:56,6.1241,81.1185,73.74,94,20,5.75
176,Huilong,LK,2022-02-02 02:35:56,6.1241,81.1185,73.74,94,20,5.75
177,Tual,LK,2022-02-02 02:35:56,6.1241,81.1185,73.74,94,20,5.75
178,Khash,LK,2022-02-02 02:35:56,6.1241,81.1185,73.74,94,20,5.75
179,Manaus,LK,2022-02-02 02:35:56,6.1241,81.1185,73.74,94,20,5.75
180,Palabuhanratu,LK,2022-02-02 02:35:56,6.1241,81.1185,73.74,94,20,5.75
181,Casimiro De Abreu,LK,2022-02-02 02:35:56,6.1241,81.1185,73.74,94,20,5.75
182,Xai-Xai,LK,2022-02-02 02:35:56,6.1241,81.1185,73.74,94,20,5.75
183,Port Lincoln,LK,2022-02-02 02:35:56,6.1241,81.1185,73.74,94,20,5.75
184,Saint-Philippe,LK,2022-02-02 02:35:56,6.1241,81.1185,73.74,94,20,5.75
185,Rocha,LK,2022-02-02 02:35:56,6.1241,81.1185,73.74,94,20,5.75
186,Kilindoni,LK,2022-02-02 02:35:56,6.1241,81.1185,73.74,94,20,5.75
187,Sentyabrskiy,LK,2022-02-02 02:35:56,6.1241,81.1185,73.74,94,20,5.75
188,Alashtar,LK,2022-02-02 02:35:56,6.1241,81.1185,73.74,94,20,5.75
189,Pangnirtung,LK,2022-02-02 02:35:56,6.1241,81.1185,73.74,94,20,5.75
190,Eyl,LK,2022-02-02 02:35:56,6.1241,81.1185,73.74,94,20,5.75
191,Ahipara,LK,2022-02-02 02:35:56,6.1241,81.1185,73.74,94,20,5.75
192,Pueblo Nuevo,LK,2022-02-02 02:35:56,6.1241,81.1185,73.74,94,20,5.75
193,Belmonte,LK,2022-02-02 02:35:56,6.1241,81.1185,73.74,94,20,5.75
194,Dovbysh,LK,2022-02-02 02:35:56,6.1241,81.1185,73.74,94,20,5.75
195,Comodoro Rivadavia,LK,2022-02-02 02:35:56,6.1241,81.1185,73.74,94,20,5.75
196,Cape Town,LK,2022-02-02 02:35:56,6.1241,81.1185,73.74,94,20,5.75
197,Provideniya,LK,2022-02-02 02:35:56,6.1241,81.1185,73.74,94,20,5.75
198,Birobidzhan,LK,2022-02-02 02:35:56,6.1241,81.1185,73.74,94,20,5.75
199,Alappuzha,LK,2022-02-02 02:35:56,6.1241,81.1185,73.74,94,20,5.75
200,Qui Nhon,LK,2022-02-02 02:35:56,6.1241,81.1185,73.74,94,20,5.75
201,Heiligenhafen,LK,2022-02-02 02:35:56,6.1241,81.1185,73.74,94,20,5.75
202,Tiksi,LK,2022-02-02 02:35:56,6.1241,81.1185,73.74,94,20,5.75
203,Tambacounda,LK,2022-02-02 02:35:56,6.1241,81.1185,73.74,94,20,5.75
204,Egvekinot,LK,2022-02-02 02:35:56,6.1241,81.1185,73.74,94,20,5.75
205,Filadelfia,LK,2022-02-02 02:35:56,6.1241,81.1185,73.74,94,20,5.75
206,Praia Da Vitoria,LK,2022-02-02 02:35:56,6.1241,81.1185,73.74,94,20,5.75
207,Onguday,LK,2022-02-02 02:35:56,6.1241,81.1185,73.74,94,20,5.75
208,New Lenox,LK,2022-02-02 02:35:56,6.1241,81.1185,73.74,94,20,5.75
209,Port Alfred,LK,2022-02-02 02:35:56,6.1241,81.1185,73.74,94,20,5.75
210,Hamilton,LK,2022-02-02 02:35:56,6.1241,81.1185,73.74,94,20,5.75
211,Nizhneyansk,LK,2022-02-02 02:35:56,6.1241,81.1185,73.74,94,20,5.75
212,Ariquemes,LK,2022-02-02 02:35:56,6.1241,81.1185,73.74,94,20,5.75
213,Pathri,LK,2022-02-02 02:35:56,6.1241,81.1185,73.74,94,20,5.75
214,Seoul,LK,2022-02-02 02:35:56,6.1241,81.1185,73.74,94,20,5.75
215,Quatre Cocos,LK,2022-02-02 02:35:56,6.1241,81.1185,73.74,94,20,5.75
216,Velikiy Ustyug,LK,2022-02-02 02:35:56,6.1241,81.1185,73.74,94,20,5.75
217,Novoagansk,LK,2022-02-02 02:35:56,6.1241,81.1185,73.74,94,20,5.75
218,Cockburn Town,LK,2022-02-02 02:35:56,6.1241,81.1185,73.74,94,20,5.75
219,Gat,LK,2022-02-02 02:35:56,6.1241,81.1185,73.74,94,20,5.75
220,Vila,LK,2022-02-02 02:35:56,6.1241,81.1185,73.74,94,20,5.75
221,Tuktoyaktuk,LK,2022-02-02 02:35:56,6.1241,81.1185,73.74,94,20,5.75
222,Alofi,LK,2022-02-02 02:35:56,6.1241,81.1185,73.74,94,20,5.75
223,Bhatkal,LK,2022-02-02 02:35:56,6.1241,81.1185,73.74,94,20,5.75
224,Shelburne,LK,2022-02-02 02:35:56,6.1241,81.1185,73.74,94,20,5.75
225,Cukai,LK,2022-02-02 02:35:56,6.1241,81.1185,73.74,94,20,5.75
226,Iqaluit,LK,2022-02-02 02:35:56,6.1241,81.1185,73.74,94,20,5.75
227,Onega,LK,2022-02-02 02:35:56,6.1241,81.1185,73.74,94,20,5.75
228,Los Llanos De Aridane,LK,2022-02-02 02:35:56,6.1241,81.1185,73.74,94,20,5.75
229,Bhopalwala,LK,2022-02-02 02:35:56,6.1241,81.1185,73.74,94,20,5.75
230,Shenjiamen,LK,2022-02-02 02:35:56,6.1241,81.1185,73.74,94,20,5.75
231,Ilanskiy,LK,2022-02-02 02:35:56,6.1241,81.1185,73.74,94,20,5.75
232,Daxian,LK,2022-02-02 02:35:56,6.1241,81.1185,73.74,94,20,5.75
233,Kieta,LK,2022-02-02 02:35:56,6.1241,81.1185,73.74,94,20,5.75
234,Cap Malheureux,LK,2022-02-02 02:35:56,6.1241,81.1185,73.74,94,20,5.75
235,Leningradskiy,LK,2022-02-02 02:35:56,6.1241,81.1185,73.74,94,20,5.75
236,Adrar,LK,2022-02-02 02:35:56,6.1241,81.1185,73.74,94,20,5.75
237,Sinnamary,LK,2022-02-02 02:35:56,6.1241,81.1185,73.74,94,20,5.75
238,Kindu,LK,2022-02-02 02:35:56,6.1241,81.1185,73.74,94,20,5.75
239,Aromashevo,LK,2022-02-02 02:35:56,6.1241,81.1185,73.74,94,20,5.75
240,Port Blair,LK,2022-02-02 02:35:56,6.1241,81.1185,73.74,94,20,5.75
241,La Palma,LK,2022-02-02 02:35:56,6.1241,81.1185,73.74,94,20,5.75
242,Rawson,LK,2022-02-02 02:35:56,6.1241,81.1185,73.74,94,20,5.75
243,Nalut,LK,2022-02-02 02:35:56,6.1241,81.1185,73.74,94,20,5.75
244,Akhtanizovskaya,LK,2022-02-02 02:35:56,6.1241,81.1185,73.74,94,20,5.75
245,Narsaq,LK,2022-02-02 02:35:56,6.1241,81.1185,73.74,94,20,5.75
246,Kapoeta,LK,2022-02-02 02:35:56,6.1241,81.1185,73.74,94,20,5.75
247,Sakakah,LK,2022-02-02 02:35:56,6.1241,81.1185,73.74,94,20,5.75
248,Torbay,LK,2022-02-02 02:35:56,6.1241,81.1185,73.74,94,20,5.75
249,Dakar,LK,2022-02-02 02:35:56,6.1241,81.1185,73.74,94,20,5.75
250,Harper,LK,2022-02-02 02:35:56,6.1241,81.1185,73.74,94,20,5.75
251,Svetlogorsk,LK,2022-02-02 02:35:56,6.1241,81.1185,73.74,94,20,5.75
252,Vila Velha,LK,2022-02-02 02:35:56,6.1241,81.1185,73.74,94,20,5.75
253,Marawi,LK,2022-02-02 02:35:56,6.1241,81.1185,73.74,94,20,5.75
254,Poum,LK,2022-02-02 02:35:56,6.1241,81.1185,73.74,94,20,5.75
255,Saint-Georges,LK,2022-02-02 02:35:56,6.1241,81.1185,73.74,94,20,5.75
256,Monopoli,LK,2022-02-02 02:35:56,6.1241,81.1185,73.74,94,20,5.75
257,San Jeronimo,LK,2022-02-02 02:35:56,6.1241,81.1185,73.74,94,20,5.75
258,Morro Bay,LK,2022-02-02 02:35:56,6.1241,81.1185,73.74,94,20,5.75
259,Kankaanpaa,LK,2022-02-02 02:35:56,6.1241,81.1185,73.74,94,20,5.75
260,Najran,LK,2022-02-02 02:35:56,6.1241,81.1185,73.74,94,20,5.75
261,Sterling,LK,2022-02-02 02:35:56,6.1241,81.1185,73.74,94,20,5.75
262,Toliary,LK,2022-02-02 02:35:56,6.1241,81.1185,73.74,94,20,5.75
263,Bay City,LK,2022-02-02 02:35:56,6.1241,81.1185,73.74,94,20,5.75
264,Yeppoon,LK,2022-02-02 02:35:56,6.1241,81.1185,73.74,94,20,5.75
265,Port Hardy,LK,2022-02-02 02:35:56,6.1241,81.1185,73.74,94,20,5.75
266,Codrington,LK,2022-02-02 02:35:56,6.1241,81.1185,73.74,94,20,5.75
267,Athabasca,LK,2022-02-02 02:35:56,6.1241,81.1185,73.74,94,20,5.75
268,Hot Springs,LK,2022-02-02 02:35:56,6.1241,81.1185,73.74,94,20,5.75
269,Roma,LK,2022-02-02 02:35:56,6.1241,81.1185,73.74,94,20,5.75
270,Nemuro,LK,2022-02-02 02:35:56,6.1241,81.1185,73.74,94,20,5.75
271,Zhigansk,LK,2022-02-02 02:35:56,6.1241,81.1185,73.74,94,20,5.75
272,Itarema,LK,2022-02-02 02:35:56,6.1241,81.1185,73.74,94,20,5.75
273,Simbahan,LK,2022-02-02 02:35:56,6.1241,81.1185,73.74,94,20,5.75
274,Bosaso,LK,2022-02-02 02:35:56,6.1241,81.1185,73.74,94,20,5.75
275,Jasper,LK,2022-02-02 02:35:56,6.1241,81.1185,73.74,94,20,5.75
276,Floro,LK,2022-02-02 02:35:56,6.1241,81.1185,73.74,94,20,5.75
277,Olafsvik,LK,2022-02-02 02:35:56,6.1241,81.1185,73.74,94,20,5.75
278,Amalapuram,LK,2022-02-02 02:35:56,6.1241,81.1185,73.74,94,20,5.75
279,Aksu,LK,2022-02-02 02:35:56,6.1241,81.1185,73.74,94,20,5.75
280,Bengkulu,LK,2022-02-02 02:35:56,6.1241,81.1185,73.74,94,20,5.75
281,Dovhe,LK,2022-02-02 02:35:56,6.1241,81.1185,73.74,94,20,5.75
282,Port-Gentil,LK,2022-02-02 02:35:56,6.1241,81.1185,73.74,94,20,5.75
283,Attawapiskat,LK,2022-02-02 02:35:56,6.1241,81.1185,73.74,94,20,5.75
284,Wanxian,LK,2022-02-02 02:35:56,6.1241,81.1185,73.74,94,20,5.75
285,Hastings,LK,2022-02-02 02:35:56,6.1241,81.1185,73.74,94,20,5.75
286,Sept-Iles,LK,2022-02-02 02:35:56,6.1241,81.1185,73.74,94,20,5.75
287,Kajaani,LK,2022-02-02 02:35:56,6.1241,81.1185,73.74,94,20,5.75
288,Astoria,LK,2022-02-02 02:35:56,6.1241,81.1185,73.74,94,20,5.75
289,Sao Francisco,LK,2022-02-02 02:35:56,6.1241,81.1185,73.74,94,20,5.75
290,Ust-Charyshskaya Pristan,LK,2022-02-02 02:35:56,6.1241,81.1185,73.74,94,20,5.75
291,Nome,LK,2022-02-02 02:35:56,6.1241,81.1185,73.74,94,20,5.75
292,Baoying,LK,2022-02-02 02:35:56,6.1241,81.1185,73.74,94,20,5.75
293,Ibirama,LK,2022-02-02 02:35:56,6.1241,81.1185,73.74,94,20,5.75
294,Katsuura,LK,2022-02-02 02:35:56,6.1241,81.1185,73.74,94,20,5.75
295,Manokwari,LK,2022-02-02 02:35:56,6.1241,81.1185,73.74,94,20,5.75
296,Along,LK,2022-02-02 02:35:56,6.1241,81.1185,73.74,94,20,5.75
297,Khandyga,LK,2022-02-02 02:35:56,6.1241,81.1185,73.74,94,20,5.75
298,Mount Isa,LK,2022-02-02 02:35:56,6.1241,81.1185,73.74,94,20,5.75
299,Hobyo,LK,2022-02-02 02:35:56,6.1241,81.1185,73.74,94,20,5.75
300,Bontang,LK,2022-02-02 02:35:56,6.1241,81.1185,73.74,94,20,5.75
301,Muisne,LK,2022-02-02 02:35:56,6.1241,81.1185,73.74,94,20,5.75
302,Mandalgovi,LK,2022-02-02 02:35:56,6.1241,81.1185,73.74,94,20,5.75
303,Canakkale,LK,2022-02-02 02:35:56,6.1241,81.1185,73.74,94,20,5.75
304,Agirish,LK,2022-02-02 02:35:56,6.1241,81.1185,73.74,94,20,5.75
305,Meulaboh,LK,2022-02-02 02:35:56,6.1241,81.1185,73.74,94,20,5.75
306,Gorom-Gorom,LK,2022-02-02 02:35:56,6.1241,81.1185,73.74,94,20,5.75
307,Kautokeino,LK,2022-02-02 02:35:56,6.1241,81.1185,73.74,94,20,5.75
308,Nanortalik,LK,2022-02-02 02:35:56,6.1241,81.1185,73.74,94,20,5.75
309,Haines Junction,LK,2022-02-02 02:35:56,6.1241,81.1185,73.74,94,20,5.75
310,Morondava,LK,2022-02-02 02:35:56,6.1241,81.1185,73.74,94,20,5.75
311,Vestmannaeyjar,LK,2022-02-02 02:35:56,6.1241,81.1185,73.74,94,20,5.75
312,Bitung,LK,2022-02-02 02:35:56,6.1241,81.1185,73.74,94,20,5.75
313,Lesozavodsk,LK,2022-02-02 02:35:56,6.1241,81.1185,73.74,94,20,5.75
314,Margate,LK,2022-02-02 02:35:56,6.1241,81.1185,73.74,94,20,5.75
315,Neiafu,LK,2022-02-02 02:35:56,6.1241,81.1185,73.74,94,20,5.75
316,Charters Towers,LK,2022-02-02 02:35:56,6.1241,81.1185,73.74,94,20,5.75
317,Lamu,LK,2022-02-02 02:35:56,6.1241,81.1185,73.74,94,20,5.75
318,Ambulu,LK,2022-02-02 02:35:56,6.1241,81.1185,73.74,94,20,5.75
319,Ilulissat,LK,2022-02-02 02:35:56,6.1241,81.1185,73.74,94,20,5.75
320,Waipawa,LK,2022-02-02 02:35:56,6.1241,81.1185,73.74,94,20,5.75
321,Aden,LK,2022-02-02 02:35:56,6.1241,81.1185,73.74,94,20,5.75
322,Puerto Madero,LK,2022-02-02 02:35:56,6.1241,81.1185,73.74,94,20,5.75
323,Miranda,LK,2022-02-02 02:35:56,6.1241,81.1185,73.74,94,20,5.75
324,Lompoc,LK,2022-02-02 02:35:56,6.1241,81.1185,73.74,94,20,5.75
325,Komsomolskiy,LK,2022-02-02 02:35:56,6.1241,81.1185,73.74,94,20,5.75
326,Inhambane,LK,2022-02-02 02:35:56,6.1241,81.1185,73.74,94,20,5.75
327,Laguna,LK,2022-02-02 02:35:56,6.1241,81.1185,73.74,94,20,5.75
328,Lyubech,LK,2022-02-02 02:35:56,6.1241,81.1185,73.74,94,20,5.75
329,Lasa,LK,2022-02-02 02:35:56,6.1241,81.1185,73.74,94,20,5.75
330,Takoradi,LK,2022-02-02 02:35:56,6.1241,81.1185,73.74,94,20,5.75
331,Kruisfontein,LK,2022-02-02 02:35:56,6.1241,81.1185,73.74,94,20,5.75
332,Ueno,LK,2022-02-02 02:35:56,6.1241,81.1185,73.74,94,20,5.75
333,The Valley,LK,2022-02-02 02:35:56,6.1241,81.1185,73.74,94,20,5.75
334,Ruteng,LK,2022-02-02 02:35:56,6.1241,81.1185,73.74,94,20,5.75
335,Jeremie,LK,2022-02-02 02:35:56,6.1241,81.1185,73.74,94,20,5.75
336,Fazalpur,LK,2022-02-02 02:35:56,6.1241,81.1185,73.74,94,20,5.75
337,Iwanai,LK,2022-02-02 02:35:56,6.1241,81.1185,73.74,94,20,5.75
338,Jardim,LK,2022-02-02 02:35:56,6.1241,81.1185,73.74,94,20,5.75
339,Olinda,LK,2022-02-02 02:35:56,6.1241,81.1185,73.74,94,20,5.75
340,Aparecida Do Taboado,LK,2022-02-02 02:35:56,6.1241,81.1185,73.74,94,20,5.75
341,Dikson,LK,2022-02-02 02:35:56,6.1241,81.1185,73.74,94,20,5.75
342,Lorengau,LK,2022-02-02 02:35:56,6.1241,81.1185,73.74,94,20,5.75
343,Karauzyak,LK,2022-02-02 02:35:56,6.1241,81.1185,73.74,94,20,5.75
344,Mys Shmidta,LK,2022-02-02 02:35:56,6.1241,81.1185,73.74,94,20,5.75
345,Palu,LK,2022-02-02 02:35:56,6.1241,81.1185,73.74,94,20,5.75
346,Xiaoweizhai,LK,2022-02-02 02:35:56,6.1241,81.1185,73.74,94,20,5.75
347,Havoysund,LK,2022-02-02 02:35:56,6.1241,81.1185,73.74,94,20,5.75
348,La Libertad,LK,2022-02-02 02:35:56,6.1241,81.1185,73.74,94,20,5.75
349,Lima,LK,2022-02-02 02:35:56,6.1241,81.1185,73.74,94,20,5.75
350,Mahibadhoo,LK,2022-02-02 02:35:56,6.1241,81.1185,73.74,94,20,5.75
351,Biltine,LK,2022-02-02 02:35:56,6.1241,81.1185,73.74,94,20,5.75
352,Ixtapa,LK,2022-02-02 02:35:56,6.1241,81.1185,73.74,94,20,5.75
353,Cabo San Lucas,LK,2022-02-02 02:35:56,6.1241,81.1185,73.74,94,20,5.75
354,Sulangan,LK,2022-02-02 02:35:56,6.1241,81.1185,73.74,94,20,5.75
355,Ewa Beach,LK,2022-02-02 02:35:56,6.1241,81.1185,73.74,94,20,5.75
356,Doha,LK,2022-02-02 02:35:56,6.1241,81.1185,73.74,94,20,5.75
357,Emerald,LK,2022-02-02 02:35:56,6.1241,81.1185,73.74,94,20,5.75
358,Catbalogan,LK,2022-02-02 02:35:56,6.1241,81.1185,73.74,94,20,5.75
359,Odienne,LK,2022-02-02 02:35:56,6.1241,81.1185,73.74,94,20,5.75
360,Tamandare,LK,2022-02-02 02:35:56,6.1241,81.1185,73.74,94,20,5.75
361,Bang Saphan,LK,2022-02-02 02:35:56,6.1241,81.1185,73.74,94,20,5.75
362,Tubruq,LK,2022-02-02 02:35:56,6.1241,81.1185,73.74,94,20,5.75
363,Tuatapere,LK,2022-02-02 02:35:56,6.1241,81.1185,73.74,94,20,5.75
364,San Cristobal,LK,2022-02-02 02:35:56,6.1241,81.1185,73.74,94,20,5.75
365,Kirovsk,LK,2022-02-02 02:35:56,6.1241,81.1185,73.74,94,20,5.75
366,Lushunkou,LK,2022-02-02 02:35:56,6.1241,81.1185,73.74,94,20,5.75
367,Yar-Sale,LK,2022-02-02 02:35:56,6.1241,81.1185,73.74,94,20,5.75
368,Esperance,LK,2022-02-02 02:35:56,6.1241,81.1185,73.74,94,20,5.75
369,Itatinga,LK,2022-02-02 02:35:56,6.1241,81.1185,73.74,94,20,5.75
370,Jertih,LK,2022-02-02 02:35:56,6.1241,81.1185,73.74,94,20,5.75
371,Panaba,LK,2022-02-02 02:35:56,6.1241,81.1185,73.74,94,20,5.75
372,Wahran,LK,2022-02-02 02:35:56,6.1241,81.1185,73.74,94,20,5.75
373,Hannibal,LK,2022-02-02 02:35:56,6.1241,81.1185,73.74,94,20,5.75
374,Empalme,LK,2022-02-02 02:35:56,6.1241,81.1185,73.74,94,20,5.75
375,Amapa,LK,2022-02-02 02:35:56,6.1241,81.1185,73.74,94,20,5.75
376,Oussouye,LK,2022-02-02 02:35:56,6.1241,81.1185,73.74,94,20,5.75
377,Geraldton,LK,2022-02-02 02:35:56,6.1241,81.1185,73.74,94,20,5.75
378,Elat,LK,2022-02-02 02:35:56,6.1241,81.1185,73.74,94,20,5.75
379,Sotnikovskoye,LK,2022-02-02 02:35:56,6.1241,81.1185,73.74,94,20,5.75
380,Dingtao,LK,2022-02-02 02:35:56,6.1241,81.1185,73.74,94,20,5.75
381,Obo,LK,2022-02-02 02:35:56,6.1241,81.1185,73.74,94,20,5.75
382,Aranos,LK,2022-02-02 02:35:56,6.1241,81.1185,73.74,94,20,5.75
383,Semey,LK,2022-02-02 02:35:56,6.1241,81.1185,73.74,94,20,5.75
384,Honiara,LK,2022-02-02 02:35:56,6.1241,81.1185,73.74,94,20,5.75
385,Porto Velho,LK,2022-02-02 02:35:56,6.1241,81.1185,73.74,94,20,5.75
386,Grand River South East,LK,2022-02-02 02:35:56,6.1241,81.1185,73.74,94,20,5.75
387,Rabo De Peixe,LK,2022-02-02 02:35:56,6.1241,81.1185,73.74,94,20,5.75
388,Mubende,LK,2022-02-02 02:35:56,6.1241,81.1185,73.74,94,20,5.75
389,Bourg-En-Bresse,LK,2022-02-02 02:35:56,6.1241,81.1185,73.74,94,20,5.75
390,Tahe,LK,2022-02-02 02:35:56,6.1241,81.1185,73.74,94,20,5.75
391,Dawei,LK,2022-02-02 02:35:56,6.1241,81.1185,73.74,94,20,5.75
392,Guerrero Negro,LK,2022-02-02 02:35:56,6.1241,81.1185,73.74,94,20,5.75
393,Muros,LK,2022-02-02 02:35:56,6.1241,81.1185,73.74,94,20,5.75
394,Konstantinovka,LK,2022-02-02 02:35:56,6.1241,81.1185,73.74,94,20,5.75
395,Labutta,LK,2022-02-02 02:35:56,6.1241,81.1185,73.74,94,20,5.75
396,Petropavlovsk-Kamchatskiy,LK,2022-02-02 02:35:56,6.1241,81.1185,73.74,94,20,5.75
397,Chhatarpur,LK,2022-02-02 02:35:56,6.1241,81.1185,73.74,94,20,5.75
398,Safwah,LK,2022-02-02 02:35:56,6.1241,81.1185,73.74,94,20,5.75
399,Santa Rosalia,LK,2022-02-02 02:35:56,6.1241,81.1185,73.74,94,20,5.75
400,Buraydah,LK,2022-02-02 02:35:56,6.1241,81.1185,73.74,94,20,5.75
401,North Myrtle Beach,LK,2022-02-02 02:35:56,6.1241,81.1185,73.74,94,20,5.75
402,Sechura,LK,2022-02-02 02:35:56,6.1241,81.1185,73.74,94,20,5.75
403,Hinesville,LK,2022-02-02 02:35:56,6.1241,81.1185,73.74,94,20,5.75
404,Nsanje,LK,2022-02-02 02:35:56,6.1241,81.1185,73.74,94,20,5.75
405,Vangaindrano,LK,2022-02-02 02:35:56,6.1241,81.1185,73.74,94,20,5.75
406,Soubre,LK,2022-02-02 02:35:56,6.1241,81.1185,73.74,94,20,5.75
407,Bacolod,LK,2022-02-02 02:35:56,6.1241,81.1185,73.74,94,20,5.75
408,Touros,LK,2022-02-02 02:35:56,6.1241,81.1185,73.74,94,20,5.75
409,Husavik,LK,2022-02-02 02:35:56,6.1241,81.1185,73.74,94,20,5.75
410,Gangotri,LK,2022-02-02 02:35:56,6.1241,81.1185,73.74,94,20,5.75
411,Mae Chan,LK,2022-02-02 02:35:56,6.1241,81.1185,73.74,94,20,5.75
412,Shaowu,LK,2022-02-02 02:35:56,6.1241,81.1185,73.74,94,20,5.75
413,Poya,LK,2022-02-02 02:35:56,6.1241,81.1185,73.74,94,20,5.75
414,Chernyshevskiy,LK,2022-02-02 02:35:56,6.1241,81.1185,73.74,94,20,5.75
415,Akdepe,LK,2022-02-02 02:35:56,6.1241,81.1185,73.74,94,20,5.75
416,Gaoua,LK,2022-02-02 02:35:56,6.1241,81.1185,73.74,94,20,5.75
417,Quelimane,LK,2022-02-02 02:35:56,6.1241,81.1185,73.74,94,20,5.75
418,Te Anau,LK,2022-02-02 02:35:56,6.1241,81.1185,73.74,94,20,5.75
419,Carlyle,LK,2022-02-02 02:35:56,6.1241,81.1185,73.74,94,20,5.75
420,Oranjestad,LK,2022-02-02 02:35:56,6.1241,81.1185,73.74,94,20,5.75
421,Beni,LK,2022-02-02 02:35:56,6.1241,81.1185,73.74,94,20,5.75
422,Matagami,LK,2022-02-02 02:35:56,6.1241,81.1185,73.74,94,20,5.75
423,Saint-Pierre,LK,2022-02-02 02:35:56,6.1241,81.1185,73.74,94,20,5.75
424,Ulaanbaatar,LK,2022-02-02 02:35:56,6.1241,81.1185,73.74,94,20,5.75
425,Angren,LK,2022-02-02 02:35:56,6.1241,81.1185,73.74,94,20,5.75
426,Lavrentiya,LK,2022-02-02 02:35:56,6.1241,81.1185,73.74,94,20,5.75
427,Louisbourg,LK,2022-02-02 02:35:56,6.1241,81.1185,73.74,94,20,5.75
428,Carahue,LK,2022-02-02 02:35:56,6.1241,81.1185,73.74,94,20,5.75
429,Baruun-Urt,LK,2022-02-02 02:35:56,6.1241,81.1185,73.74,94,20,5.75
430,Bongandanga,LK,2022-02-02 02:35:56,6.1241,81.1185,73.74,94,20,5.75
431,Scottsburgh,LK,2022-02-02 02:35:56,6.1241,81.1185,73.74,94,20,5.75
432,Ulladulla,LK,2022-02-02 02:35:56,6.1241,81.1185,73.74,94,20,5.75
433,Tucuma,LK,2022-02-02 02:35:56,6.1241,81.1185,73.74,94,20,5.75
434,Tartagal,LK,2022-02-02 02:35:56,6.1241,81.1185,73.74,94,20,5.75
435,Durusu,LK,2022-02-02 02:35:56,6.1241,81.1185,73.74,94,20,5.75
436,Pastavy,LK,2022-02-02 02:35:56,6.1241,81.1185,73.74,94,20,5.75
437,Ambodifototra,LK,2022-02-02 02:35:56,6.1241,81.1185,73.74,94,20,5.75
438,Bonoua,LK,2022-02-02 02:35:56,6.1241,81.1185,73.74,94,20,5.75
439,Faya,LK,2022-02-02 02:35:56,6.1241,81.1185,73.74,94,20,5.75
440,Tigil,LK,2022-02-02 02:35:56,6.1241,81.1185,73.74,94,20,5.75
441,Champerico,LK,2022-02-02 02:35:56,6.1241,81.1185,73.74,94,20,5.75
442,Zholymbet,LK,2022-02-02 02:35:56,6.1241,81.1185,73.74,94,20,5.75
443,Halifax,LK,2022-02-02 02:35:56,6.1241,81.1185,73.74,94,20,5.75
444,Santa Ana,LK,2022-02-02 02:35:56,6.1241,81.1185,73.74,94,20,5.75
445,Nelson Bay,LK,2022-02-02 02:35:56,6.1241,81.1185,73.74,94,20,5.75
446,Kavieng,LK,2022-02-02 02:35:56,6.1241,81.1185,73.74,94,20,5.75
447,Chokurdakh,LK,2022-02-02 02:35:56,6.1241,81.1185,73.74,94,20,5.75
448,Coquimbo,LK,2022-02-02 02:35:56,6.1241,81.1185,73.74,94,20,5.75
449,Kadykchan,LK,2022-02-02 02:35:56,6.1241,81.1185,73.74,94,20,5.75
450,Yomou,LK,2022-02-02 02:35:56,6.1241,81.1185,73.74,94,20,5.75
451,Camacha,LK,2022-02-02 02:35:56,6.1241,81.1185,73.74,94,20,5.75
452,Poli,LK,2022-02-02 02:35:56,6.1241,81.1185,73.74,94,20,5.75
453,Hihifo,LK,2022-02-02 02:35:56,6.1241,81.1185,73.74,94,20,5.75
454,Tazovskiy,LK,2022-02-02 02:35:56,6.1241,81.1185,73.74,94,20,5.75
455,Boralday,LK,2022-02-02 02:35:56,6.1241,81.1185,73.74,94,20,5.75
456,Mafinga,LK,2022-02-02 02:35:56,6.1241,81.1185,73.74,94,20,5.75
457,Sinfra,LK,2022-02-02 02:35:56,6.1241,81.1185,73.74,94,20,5.75
458,Jega,LK,2022-02-02 02:35:56,6.1241,81.1185,73.74,94,20,5.75
459,Pryozerne,LK,2022-02-02 02:35:56,6.1241,81.1185,73.74,94,20,5.75
460,Northam,LK,2022-02-02 02:35:56,6.1241,81.1185,73.74,94,20,5.75
461,Khandbari,LK,2022-02-02 02:35:56,6.1241,81.1185,73.74,94,20,5.75
462,Deputatskiy,LK,2022-02-02 02:35:56,6.1241,81.1185,73.74,94,20,5.75
463,Pekan,LK,2022-02-02 02:35:56,6.1241,81.1185,73.74,94,20,5.75
464,Ijaki,LK,2022-02-02 02:35:56,6.1241,81.1185,73.74,94,20,5.75
465,Umm Kaddadah,LK,2022-02-02 02:35:56,6.1241,81.1185,73.74,94,20,5.75
466,Nata,LK,2022-02-02 02:35:56,6.1241,81.1185,73.74,94,20,5.75
467,Bolshaya Dzhalga,LK,2022-02-02 02:35:56,6.1241,81.1185,73.74,94,20,5.75
468,Bereda,LK,2022-02-02 02:35:56,6.1241,81.1185,73.74,94,20,5.75
469,Luchow,LK,2022-02-02 02:35:56,6.1241,81.1185,73.74,94,20,5.75
470,Muborak,LK,2022-02-02 02:35:56,6.1241,81.1185,73.74,94,20,5.75
471,Clarksburg,LK,2022-02-02 02:35:56,6.1241,81.1185,73.74,94,20,5.75
472,Nador,LK,2022-02-02 02:35:56,6.1241,81.1185,73.74,94,20,5.75
473,Manuk Mangkaw,LK,2022-02-02 02:35:56,6.1241,81.1185,73.74,94,20,5.75
474,Saldanha,LK,2022-02-02 02:35:56,6.1241,81.1185,73.74,94,20,5.75
475,Vilya,LK,2022-02-02 02:35:56,6.1241,81.1185,73.74,94,20,5.75
476,Znamenskoye,LK,2022-02-02 02:35:56,6.1241,81.1185,73.74,94,20,5.75
477,Areia Branca,LK,2022-02-02 02:35:56,6.1241,81.1185,73.74,94,20,5.75
478,Hinton,LK,2022-02-02 02:35:56,6.1241,81.1185,73.74,94,20,5.75
479,Yirol,LK,2022-02-02 02:35:56,6.1241,81.1185,73.74,94,20,5.75
480,San Jose,LK,2022-02-02 02:35:56,6.1241,81.1185,73.74,94,20,5.75
481,Tsienyane,LK,2022-02-02 02:35:56,6.1241,81.1185,73.74,94,20,5.75
482,Pangody,LK,2022-02-02 02:35:56,6.1241,81.1185,73.74,94,20,5.75
483,Jawhar,LK,2022-02-02 02:35:56,6.1241,81.1185,73.74,94,20,5.75
484,Buqayq,LK,2022-02-02 02:35:56,6.1241,81.1185,73.74,94,20,5.75
485,Visby,LK,2022-02-02 02:35:56,6.1241,81.1185,73.74,94,20,5.75
486,Merauke,LK,2022-02-02 02:35:56,6.1241,81.1185,73.74,94,20,5.75
487,Qandala,LK,2022-02-02 02:35:56,6.1241,81.1185,73.74,94,20,5.75
488,Tarauaca,LK,2022-02-02 02:35:56,6.1241,81.1185,73.74,94,20,5.75
489,Kabanjahe,LK,2022-02-02 02:35:56,6.1241,81.1185,73.74,94,20,5.75
490,Duncan,LK,2022-02-02 02:35:56,6.1241,81.1185,73.74,94,20,5.75
491,Beloha,LK,2022-02-02 02:35:56,6.1241,81.1185,73.74,94,20,5.75
492,Goma,LK,2022-02-02 02:35:56,6.1241,81.1185,73.74,94,20,5.75
493,Sabang,LK,2022-02-02 02:35:56,6.1241,81.1185,73.74,94,20,5.75
494,Falealupo,LK,2022-02-02 02:35:56,6.1241,81.1185,73.74,94,20,5.75
495,Nur,LK,2022-02-02 02:35:56,6.1241,81.1185,73.74,94,20,5.75
496,Mangrol,LK,2022-02-02 02:35:56,6.1241,81.1185,73.74,94,20,5.75
497,Kefar Shemaryahu,LK,2022-02-02 02:35:56,6.1241,81.1185,73.74,94,20,5.75
498,Shamkhal,LK,2022-02-02 02:35:56,6.1241,81.1185,73.74,94,20,5.75
499,Auki,LK,2022-02-02 02:35:56,6.1241,81.1185,73.74,94,20,5.75
500,Sambava,LK,2022-02-02 02:35:56,6.1241,81.1185,73.74,94,20,5.75
501,Bardiyah,LK,2022-02-02 02:35:56,6.1241,81.1185,73.74,94,20,5.75
502,Dong Hoi,LK,2022-02-02 02:35:56,6.1241,81.1185,73.74,94,20,5.75
503,Milingimbi,LK,2022-02-02 02:35:56,6.1241,81.1185,73.74,94,20,5.75
504,Yankton,LK,2022-02-02 02:35:56,6.1241,81.1185,73.74,94,20,5.75
505,Pitimbu,LK,2022-02-02 02:35:56,6.1241,81.1185,73.74,94,20,5.75
506,Mecca,LK,2022-02-02 02:35:56,6.1241,81.1185,73.74,94,20,5.75
507,Birao,LK,2022-02-02 02:35:56,6.1241,81.1185,73.74,94,20,5.75
508,Fort Frances,LK,2022-02-02 02:35:56,6.1241,81.1185,73.74,94,20,5.75
509,Taoudenni,LK,2022-02-02 02:35:56,6.1241,81.1185,73.74,94,20,5.75
510,Padang,LK,2022-02-02 02:35:56,6.1241,81.1185,73.74,94,20,5.75
511,Zyryanka,LK,2022-02-02 02:35:56,6.1241,81.1185,73.74,94,20,5.75
512,Toora-Khem,LK,2022-02-02 02:35:56,6.1241,81.1185,73.74,94,20,5.75
513,Viligili,LK,2022-02-02 02:35:56,6.1241,81.1185,73.74,94,20,5.75
514,Otorohanga,LK,2022-02-02 02:35:56,6.1241,81.1185,73.74,94,20,5.75
515,Ruwi,LK,2022-02-02 02:35:56,6.1241,81.1185,73.74,94,20,5.75
516,Bandarbeyla,LK,2022-02-02 02:35:56,6.1241,81.1185,73.74,94,20,5.75
517,Buzdyak,LK,2022-02-02 02:35:56,6.1241,81.1185,73.74,94,20,5.75
518,Aki,LK,2022-02-02 02:35:56,6.1241,81.1185,73.74,94,20,5.75
519,Sandwick,LK,2022-02-02 02:35:56,6.1241,81.1185,73.74,94,20,5.75
520,Flin Flon,LK,2022-02-02 02:35:56,6.1241,81.1185,73.74,94,20,5.75
521,Jaszarokszallas,LK,2022-02-02 02:35:56,6.1241,81.1185,73.74,94,20,5.75
522,Ban Dung,LK,2022-02-02 02:35:56,6.1241,81.1185,73.74,94,20,5.75
523,Morehead,LK,2022-02-02 02:35:56,6.1241,81.1185,73.74,94,20,5.75
524,Longview,LK,2022-02-02 02:35:56,6.1241,81.1185,73.74,94,20,5.75
525,Bethel,LK,2022-02-02 02:35:56,6.1241,81.1185,73.74,94,20,5.75
526,Brae,LK,2022-02-02 02:35:56,6.1241,81.1185,73.74,94,20,5.75
527,Gillette,LK,2022-02-02 02:35:56,6.1241,81.1185,73.74,94,20,5.75
528,Uige,LK,2022-02-02 02:35:56,6.1241,81.1185,73.74,94,20,5.75
529,Humenne,LK,2022-02-02 02:35:56,6.1241,81.1185,73.74,94,20,5.75
530,Nishihara,LK,2022-02-02 02:35:56,6.1241,81.1185,73.74,94,20,5.75
531,Tabas,LK,2022-02-02 02:35:56,6.1241,81.1185,73.74,94,20,5.75
532,Zaprudnya,LK,2022-02-02 02:35:56,6.1241,81.1185,73.74,94,20,5.75
533,Vylkove,LK,2022-02-02 02:35:56,6.1241,81.1185,73.74,94,20,5.75
534,Catamarca,LK,2022-02-02 02:35:56,6.1241,81.1185,73.74,94,20,5.75
535,Mogzon,LK,2022-02-02 02:35:56,6.1241,81.1185,73.74,94,20,5.75
536,Kloulklubed,LK,2022-02-02 02:35:56,6.1241,81.1185,73.74,94,20,5.75
537,Kishanganj,LK,2022-02-02 02:35:56,6.1241,81.1185,73.74,94,20,5.75
538,Kerrobert,LK,2022-02-02 02:35:56,6.1241,81.1185,73.74,94,20,5.75
539,Senanga,LK,2022-02-02 02:35:56,6.1241,81.1185,73.74,94,20,5.75
540,Sabla,LK,2022-02-02 02:35:56,6.1241,81.1185,73.74,94,20,5.75
541,Richards Bay,LK,2022-02-02 02:35:56,6.1241,81.1185,73.74,94,20,5.75
542,Sarai,LK,2022-02-02 02:35:56,6.1241,81.1185,73.74,94,20,5.75
543,Smithers,LK,2022-02-02 02:35:56,6.1241,81.1185,73.74,94,20,5.75
544,Sao Felix Do Xingu,LK,2022-02-02 02:35:56,6.1241,81.1185,73.74,94,20,5.75
545,Lagoa,LK,2022-02-02 02:35:56,6.1241,81.1185,73.74,94,20,5.75
546,Gambo,LK,2022-02-02 02:35:56,6.1241,81.1185,73.74,94,20,5.75
547,Caraballeda,LK,2022-02-02 02:35:56,6.1241,81.1185,73.74,94,20,5.75
548,Mahajanga,LK,2022-02-02 02:35:56,6.1241,81.1185,73.74,94,20,5.75
549,Macenta,LK,2022-02-02 02:35:56,6.1241,81.1185,73.74,94,20,5.75
550,Moose Factory,LK,2022-02-02 02:35:56,6.1241,81.1185,73.74,94,20,5.75
551,Rio Gallegos,LK,2022-02-02 02:35:56,6.1241,81.1185,73.74,94,20,5.75
552,San Rafael,LK,2022-02-02 02:35:56,6.1241,81.1185,73.74,94,20,5.75
553,Gao,LK,2022-02-02 02:35:56,6.1241,81.1185,73.74,94,20,5.75
554,Altamont,LK,2022-02-02 02:35:56,6.1241,81.1185,73.74,94,20,5.75
555,Constantine,LK,2022-02-02 02:35:56,6.1241,81.1185,73.74,94,20,5.75
556,Kargasok,LK,2022-02-02 02:35:56,6.1241,81.1185,73.74,94,20,5.75
557,Lao Cai,LK,2022-02-02 02:35:56,6.1241,81.1185,73.74,94,20,5.75
558,Enkoping,LK,2022-02-02 02:35:56,6.1241,81.1185,73.74,94,20,5.75
559,Henties Bay,LK,2022-02-02 02:35:56,6.1241,81.1185,73.74,94,20,5.75
560,Santa Ines,LK,2022-02-02 02:35:56,6.1241,81.1185,73.74,94,20,5.75
561,Kiama,LK,2022-02-02 02:35:56,6.1241,81.1185,73.74,94,20,5.75
562,Kenai,LK,2022-02-02 02:35:56,6.1241,81.1185,73.74,94,20,5.75
563,Khonuu,LK,2022-02-02 02:35:56,6.1241,81.1185,73.74,94,20,5.75
564,Waghai,LK,2022-02-02 02:35:56,6.1241,81.1185,73.74,94,20,5.75
565,Teluknaga,LK,2022-02-02 02:35:56,6.1241,81.1185,73.74,94,20,5.75
566,Kulhudhuffushi,LK,2022-02-02 02:35:56,6.1241,81.1185,73.74,94,20,5.75
567,Valparaiso,LK,2022-02-02 02:35:56,6.1241,81.1185,73.74,94,20,5.75
568,Warqla,LK,2022-02-02 02:35:56,6.1241,81.1185,73.74,94,20,5.75
569,Mehamn,LK,2022-02-02 02:35:56,6.1241,81.1185,73.74,94,20,5.75
570,Alta Floresta,LK,2022-02-02 02:35:56,6.1241,81.1185,73.74,94,20,5.75
571,Jinchengjiang,LK,2022-02-02 02:35:56,6.1241,81.1185,73.74,94,20,5.75
572,Soe,LK,2022-02-02 02:35:56,6.1241,81.1185,73.74,94,20,5.75
573,Leon Valley,LK,2022-02-02 02:35:56,6.1241,81.1185,73.74,94,20,5.75
574,Cascais,LK,2022-02-02 02:35:56,6.1241,81.1185,73.74,94,20,5.75
575,Kribi,LK,2022-02-02 02:35:56,6.1241,81.1185,73.74,94,20,5.75
576,Asau,LK,2022-02-02 02:35:56,6.1241,81.1185,73.74,94,20,5.75
577,Kayerkan,LK,2022-02-02 02:35:56,6.1241,81.1185,73.74,94,20,5.75
578,Bur Gabo,LK,2022-02-02 02:35:56,6.1241,81.1185,73.74,94,20,5.75
579,Kudahuvadhoo,LK,2022-02-02 02:35:56,6.1241,81.1185,73.74,94,20,5.75
580,Fairmount,LK,2022-02-02 02:35:56,6.1241,81.1185,73.74,94,20,5.75
581,Hambantota,LK,2022-02-02 02:35:56,6.1241,81.1185,73.74,94,20,5.75
